"Timestamp","Gender( ස්ත්‍රී පුරුෂ භාවය)","Which province are you from?( ඔබ කුමන පළාතෙන්ද?)","Z- score(Z අගය)","Stream(විෂය ධාරාව)","Highest Education Level of a parent or guardian(දෙමාපියන්ගේ හෝ භාරකරුවෙකුගේ ඉහළම අධ්‍යාපන මට්ටම?)","Do you have access to a computer or a laptop?(ඔබට පරිගණකයකට ප්‍රවේශය තිබේද?)","How long have you been using  computer or a laptop?  ?(ඔබ කොපමණ කාලයක් තිස්සේ පරිගණකයක් භාවිතා කරනවාද?)","Have you done O/L Information Technology Subject ?(ඔබ සාමාන්‍ය පෙළ සඳහා තොරතුරු තාක්ෂණය විෂය හදාරා තිබේද?)","If yes, What is the grade that you obtained for O/L Information Technology Subject?(එසේ නම් ඔබ ඒ සඳහා ලබාගත් සාමාර්තය කුමක්ද?)","Have you followed any computer course(ESOFT/BCS/Coursera etc.)(ඔබ යම් ආකාරයක පරිගණක පාඨමාලාවක් හදාරා තිබේද?)","Have you done self- studies to improve your basic computer literacy skills?(ඔබ ඔබගේ මූලික පරිගණක කුසලතා වර්ධනය කර ගැනීමට ස්වයං අධ්‍යනයන් සිදු කරනවාද?)","How would you rate your Basic Computer Literacy on following Softwares?(පහත සඳහන් යෙදවුම් මෘදුකාංග සම්බන්ධයෙන් ඔබගේ මූලික දැනුම් මට්ටම කුමක්ද?) [Microsoft Word]","How would you rate your Basic Computer Literacy on following Softwares?(පහත සඳහන් යෙදවුම් මෘදුකාංග සම්බන්ධයෙන් ඔබගේ මූලික දැනුම් මට්ටම කුමක්ද?) [Microsoft Excel]","How would you rate your Basic Computer Literacy on following Softwares?(පහත සඳහන් යෙදවුම් මෘදුකාංග සම්බන්ධයෙන් ඔබගේ මූලික දැනුම් මට්ටම කුමක්ද?) [Microsoft PowerPoint]"," [How would you rate your Basic Computer Literacy?(ඔබගේ මූලික පරිගණක දැනුම් මට්ටම කුමක්ද?)]","Have you followed any kind of programming course?(ඔබ යම් ආකාරයක පරිගණක භාෂාවක් සම්බන්ධයෙන්  පාඨමාලාවක් හදාරා තිබේද?)","Do you do self- studies to improve your programming skills?(ඔබ ඔබගේ පරිගණක භාෂා භාවිතය පිළිබඳව  කුසලතා වර්ධනය කර ගැනීමට ස්වයං අධ්‍යනයන් සිදු කරනවාද?)","What programming language/s you have followed?(ඔබ හදාරා ඇති පරිගණක භාෂාව/භාෂාවන් මොනවාද?)"," [How would you rate your programming knowledge?(ඔබගේ පරිගණක භාෂා දැනුම් මට්ටම කුමක්ද?)]","What is the grade that you obtained for O/L English Subject?(ඔබ සාමාන්‍ය පෙළ ඉංග්‍රීසි විෂය සඳහා ලබාගත් සාමාර්තය කුමක්ද?)","What is the grade that you obtained for A/L General English Subject?(ඔබ උසස් පෙළ සාමාන්‍ය ඉංග්‍රීසි විෂය සඳහා ලබාගත් සාමාර්තය කුමක්ද?)","Have you done English Literature subject for O/L Examination?(ඔබ සාමාන්‍ය පෙළ සඳහා ඉංග්‍රීසි සාහිත්‍යය විෂය හදාරා තිබේද?)","If yes, What is the grade that you obtained for O/L English Literature Subject?(එසේ නම් ඔබ ඒ සඳහා ලබාගත් සාමාර්තය කුමක්ද?)","Have you followed any English course before entering the university?(විශ්ව විද්‍යාලයට ඇතුළත් වීමට පෙර ඔබ යම් ආකාරයක ඉංග්‍රීසි පාඨමාලාවක් හදාරා තිබේද?)"," [How would you rate the English course(EC course) offered by the university?(ඔබ විශ්ව විද්‍යාලයේදී හාදාරන ඉංග්‍රීසි පාඨමාලාව සම්බන්ධයෙන් ඔබගේ අදහස කුමක්ද?)]","How would you rate the following ? (concern about the English language not about the course content)(පහත සඳහන් ඒවා සම්බන්ධයෙන් ඔබගේ අදහස් දක්වන්න.  මෙහි අවධානය යොමු වන්නේ ඉංග්‍රීසි භාෂාව සම්බන්ධයෙනි. විෂය සම්බන්ධයෙන් නොවේ ) [Understanding level of lectures(දේශනවල තේරුම් මට්ටම)]","How would you rate the following ? (concern about the English language not about the course content)(පහත සඳහන් ඒවා සම්බන්ධයෙන් ඔබගේ අදහස් දක්වන්න.  මෙහි අවධානය යොමු වන්නේ ඉංග්‍රීසි භාෂාව සම්බන්ධයෙනි. විෂය සම්බන්ධයෙන් නොවේ ) [Understanding level of lecture notes, references, etc.(දේශකයන් ලබාදෙන සටහන් හා අතිරේක කියවීම් පිළිබඳ තේරුම් මට්ටම)]","How would you rate the following ? (concern about the English language not about the course content)(පහත සඳහන් ඒවා සම්බන්ධයෙන් ඔබගේ අදහස් දක්වන්න.  මෙහි අවධානය යොමු වන්නේ ඉංග්‍රීසි භාෂාව සම්බන්ධයෙනි. විෂය සම්බන්ධයෙන් නොවේ ) [Understanding level of the problems which were in semester examination papers(විභාග වලදී ලැබුණු ප්‍රශ්න පත්‍ර වල තේරුම් මට්ටම ?)]"," [How would you rate your English literacy?(ඔබගේ ඉංග්‍රීසි භාෂා දැනුම් මට්ටම කුමක්ද?)]","Any other comments or suggestions to improve the computer & English literacy of undergraduates:(උපාධි අපේක්ෂකයින්ගේ පරිගණක සහ ඉංග්‍රීසි දැනුම් මට්ටම වැඩි දියුණු කිරීම සඳහා වෙනත් අදහස් හෝ යෝජනා තිබේද?)"
"2022/12/02 2:00:25 PM GMT+5:30","Female","Western Province","1.7","MB","Higher","Yes","more than 3 years","No","","Yes","Yes","Very good","Very good","Very good","Good","Yes","Yes","None","Weak","A","A","No","","Yes","Good","Very good","Very good","Satisfactory","Good",""
"2022/12/02 2:04:31 PM GMT+5:30","Male","Western Province","1.420","Bio","A/Levels","Yes","more than 3 years","No","","No","Yes","Very good","Good","Good","Good","No","Yes","Python","Good","C","C","No","","Yes","Average","Satisfactory","Fair","Fair","Good",""
"2022/12/02 2:42:46 PM GMT+5:30","Male","Southern Province","1.4462","IS & MF","O/Levels or Below","Yes","Less than one year","Yes","B","Yes","Yes","Good","Good","Good","Average","Yes","Yes","Python","Average","C","W","No","","Yes","Average","Satisfactory","Fair","Satisfactory","Average","Campus අපේක්ශකයින්ට academic පටන් ගන්න කලින් මාස තුනක පමන කාලයක් ඒ හා සම්බන්දව පාටමාලාවක් පැවැත්වීම"
"2022/12/02 2:59:55 PM GMT+5:30","Male","Sabaragamuwa Province","1.4496","P4","O/Levels or Below","Yes","1-3 years","No","","No","Yes","Very good","Good","Good","Average","No","Yes","None","Average","C","W","No","","Yes","Good","Satisfactory","Very good","Satisfactory","Average","campus eka athule English club ekak aramba kara , vinodajanaka games bavitha kara english kathanaya vadidiyunu kireema"
"2022/12/02 7:08:45 PM GMT+5:30","Female","Western Province","1.43","IS & MF","Degree","Yes","more than 3 years","Yes","A","Yes","Yes","Very good","Very good","Good","Very good","Yes","No","Python;Java;JavaScript;Html","Good","A","A","No","","No","Good","Fair","Satisfactory","Fair","Good","."
"2022/12/02 7:12:26 PM GMT+5:30","Female","Western Province","1.57","IS & MF","Diploma","Yes","more than 3 years","Yes","A","No","Yes","Good","Good","Good","Good","No","No","Python;Java","Average","A","A","No","","Yes","Good","Very good","Very good","Very good","Good",""
"2022/12/02 7:14:00 PM GMT+5:30","Male","Western Province","1.5327","IS & MF","Diploma","Yes","more than 3 years","No","","No","Yes","Average","Average","Average","Average","Yes","No","Python","Average","A","B","No","","No","Good","Satisfactory","Satisfactory","Satisfactory","Average","-"
"2022/12/02 7:15:37 PM GMT+5:30","Male","Central Province","0.987","IS & MF","A/Levels","Yes","Less than one year","No","","No","Yes","Average","Average","Average","Average","No","No","None","Average","C","C","No","","No","Average","Satisfactory","Satisfactory","Satisfactory","Average",""
"2022/12/02 7:18:46 PM GMT+5:30","Female","North-Western Province","1.2828","IS & MF","A/Levels","Yes","more than 3 years","Yes","A","Yes","Yes","Very good","Very good","Very good","Average","No","Yes","Python","Average","A","A","Yes","C","No","Good","Satisfactory","Very good","Satisfactory","Good","No suggestions "
"2022/12/02 7:22:59 PM GMT+5:30","Male","Sabaragamuwa Province","0.55","IS & MF","Higher","Yes","more than 3 years","Yes","A","Yes","Yes","Very good","Good","Very good","Very good","Yes","Yes","Java;JavaScript;C","Average","A","B","Yes","B","No","Good","Excellent","Excellent","Excellent","Good","Could have a day annually in the University which is dedicated to Computer & English literacy .That will promote the importance of Computer and English Literacy."
"2022/12/02 7:56:14 PM GMT+5:30","Female","Central Province","1.1645","IS & MF","Degree","Yes","more than 3 years","Yes","A","Yes","Yes","Average","Average","Average","Weak","No","Yes","Python","Average","A","A","No","","Yes","Average","Satisfactory","Satisfactory","Satisfactory","Average",""
"2022/12/02 8:05:24 PM GMT+5:30","Male","Sabaragamuwa Province","1.5004","IS & MF","O/Levels or Below","Yes","1-3 years","Yes","C","No","Yes","Very good","Very good","Good","Average","No","Yes","None","Average","S","S","No","","No","Weak","Fair","Satisfactory","Satisfactory","Weak",""
"2022/12/02 8:24:49 PM GMT+5:30","Male","Southern Province","0.5","IS & MF","Degree","Yes","more than 3 years","Yes","A","Yes","Yes","Very good","Very good","Very good","Very good","Yes","Yes","Python;Java;JavaScript","Very good","A","C","No","","No","Average","Satisfactory","Satisfactory","Satisfactory","Average",""
"2022/12/02 8:36:07 PM GMT+5:30","Female","Western Province","1.5191","IS & MF","Diploma","Yes","more than 3 years","No","","No","No","Good","Good","Good","Average","No","Yes","Python","Weak","A","A","No","","No","Good","Satisfactory","Satisfactory","Satisfactory","Average",""
"2022/12/02 9:23:15 PM GMT+5:30","Male","Western Province","1.4477","IS & MF","A/Levels","Yes","more than 3 years","Yes","A","Yes","Yes","Good","Good","Good","Very good","No","Yes","Python;Java;Html","Average","C","S","No","","Yes","Very good","Fair","Satisfactory","Very good","Average","Want to do physical and practical face to face sessions for improve speaking skills"
"2022/12/02 9:26:12 PM GMT+5:30","Female","Western Province","1.8197","MB","Degree","Yes","Less than one year","No","","No","No","Good","Average","Good","Weak","No","No","None","Very weak","A","A","No","","No","Average","Satisfactory","Satisfactory","Satisfactory","Average",""
"2022/12/02 9:40:15 PM GMT+5:30","Female","Western Province","1.5105 ","Bio","A/Levels","Yes","Less than one year","No","","No","Yes","Good","Good","Good","Average","No","No","None","Very weak","A","A","Yes","A","No","Weak","Very good","Satisfactory","Satisfactory","Good",""
"2022/12/02 9:45:18 PM GMT+5:30","Male","Western Province","1.3171","Bio","Degree","Yes","more than 3 years","No","","Yes","Yes","Very good","Very good","Very good","Very good","Yes","Yes","Python","Average","A","B","No","","Yes","Average","Fair","Poor","Satisfactory","Good",""
"2022/12/02 9:52:41 PM GMT+5:30","Female","Western Province","1.62","Bio","Higher","Yes","more than 3 years","Yes","A","Yes","Yes","Very good","Very good","Good","Good","No","Yes","Python;C#","Average","A","A","No","","No","Good","Very good","Very good","Very good","Good",""
"2022/12/02 9:54:12 PM GMT+5:30","Male","Southern Province","1.4819","IS & MF","A/Levels","Yes","more than 3 years","Yes","A","No","No","Good","Good","Good","Average","No","No","Python","Average","C","S","No","","No","Average","Satisfactory","Satisfactory","Satisfactory","Average",""
"2022/12/02 9:59:25 PM GMT+5:30","Female","Eastern Province","1.9246","MB","O/Levels or Below","Yes","Less than one year","No","","No","Yes","Good","Good","Average","Average","No","No","None","Weak","B","S","No","","No","Average","Satisfactory","Satisfactory","Satisfactory","Average",""
"2022/12/02 10:00:31 PM GMT+5:30","Male","Western Province","1.3602","P4","A/Levels","Yes","Less than one year","No","","No","No","Average","Weak","Weak","Weak","No","No","None","Very weak","C","S","No","","Yes","Average","Fair","Satisfactory","Satisfactory","Average",""
"2022/12/02 10:02:10 PM GMT+5:30","Female","Western Province","1.8917","MB","Degree","Yes","more than 3 years","Yes","A","No","No","Good","Good","Good","Good","No","No","None","Weak","A","A","No","","No","Good","Excellent","Excellent","Excellent","Very good",""
"2022/12/02 10:09:53 PM GMT+5:30","Male","Uva Province","1.45","P4","Degree","Yes","more than 3 years","No","","No","Yes","Average","Average","Average","Average","No","Yes","I didnt follow any language ","Weak","C","S","No","","No","Average","Satisfactory","Satisfactory","Satisfactory","Average","I propose that in the lectures if the lecturer can explain the lecture with some Sinhala words it will be successful for the student."
"2022/12/02 10:26:35 PM GMT+5:30","Male","Western Province","1.6931","Bio","Diploma","Yes","more than 3 years","No","","Yes","Yes","Very good","Very good","Very good","Average","No","No","None","Very weak","A","A","No","","Yes","Good","Satisfactory","Satisfactory","Very good","Average","No"
"2022/12/02 10:31:55 PM GMT+5:30","Male","North-Western Province","1.6421","Bio","A/Levels","Yes","more than 3 years","Yes","A","No","Yes","Very good","Good","Very good","Very good","No","Yes","Python","Weak","A","A","No","","No","Average","Excellent","Excellent","Excellent","Good",""
"2022/12/02 10:49:14 PM GMT+5:30","Male","Uva Province","1.3454","P4","A/Levels","Yes","more than 3 years","No","","Yes","No","Average","Average","Average","Average","No","Yes","Python","Average","B","C","No","","No","Average","Satisfactory","Satisfactory","Satisfactory","Average",""
"2022/12/02 11:06:59 PM GMT+5:30","Male","Northern Province","1.4371","IS & MF","O/Levels or Below","Yes","1-3 years","No","","Yes","Yes","Very good","Very good","Very good","Good","Yes","Yes","Python","Good","A","C","No","","Yes","Good","Satisfactory","Satisfactory","Satisfactory","Good","Nothing "
"2022/12/02 11:07:03 PM GMT+5:30","Male","Western Province","1.4452","IS & MF","Higher","Yes","1-3 years","Yes","A","No","Yes","Average","Average","Weak","Weak","Yes","Yes","Python","Weak","A","C","No","","Yes","Average","Satisfactory","Satisfactory","Satisfactory","Average",""
"2022/12/02 11:08:17 PM GMT+5:30","Male","Sabaragamuwa Province","1.4702","IS & MF","A/Levels","Yes","more than 3 years","Yes","C","No","Yes","Good","Good","Good","Average","No","No","None","Average","C","S","No","","Yes","Average","Satisfactory","Satisfactory","Satisfactory","Average",""
"2022/12/02 11:09:49 PM GMT+5:30","Male","Central Province","1.39","IS & MF","A/Levels","Yes","more than 3 years","No","","No","Yes","Good","Good","Good","Good","No","Yes","Python;JavaScript","Average","C","S","No","","No","Average","Poor","Fair","Satisfactory","Average",""
"2022/12/02 11:16:17 PM GMT+5:30","Female","Western Province","1.4334","IS & MF","Diploma","Yes","more than 3 years","No","","Yes","Yes","Good","Good","Good","Good","Yes","Yes","Python","Average","A","C","No","","No","Good","Very good","Very good","Excellent","Good","No"
"2022/12/03 12:23:00 AM GMT+5:30","Female","Central Province","0.9371","IS & MF","Diploma","Yes","more than 3 years","Yes","A","Yes","Yes","Good","Good","Good","Average","No","No","None","Very weak","A","A","Yes","B","No","Good","Satisfactory","Very good","Satisfactory","Good","Providing IT knowledge from the beginning specially with programming despite of the student's prior knowledge "
"2022/12/03 6:15:16 AM GMT+5:30","Male","North-Central province","1.0785","IS & MF","A/Levels","Yes","more than 3 years","Yes","A","Yes","No","Very good","Very good","Very good","Good","No","Yes","Python","Average","A","B","No","","Yes","Good","Fair","Fair","Fair","Good",""
"2022/12/03 6:37:05 AM GMT+5:30","Male","North-Western Province","1.6945","Bio","A/Levels","Yes","more than 3 years","No","","Yes","Yes","Good","Good","Good","Good","Yes","Yes","Python","Good","A","A","Yes","B","Yes","Good","Satisfactory","Satisfactory","Satisfactory","Good",""
"2022/12/03 6:57:47 AM GMT+5:30","Female","Northern Province","1.5145","MB","Degree","Yes","more than 3 years","Yes","A","No","Yes","Very good","Good","Good","Good","No","No","None","Weak","A","A","Yes","A","No","Very good","Excellent","Excellent","Excellent","Very good",""
"2022/12/03 6:58:52 AM GMT+5:30","Female","Sabaragamuwa Province","1.453","MB","A/Levels","Yes","1-3 years","No","","Yes","Yes","Average","Average","Average","Average","No","No","None","Very weak","C","S","No","","No","Average","Satisfactory","Satisfactory","Satisfactory","Average",""
"2022/12/03 7:05:09 AM GMT+5:30","Female","North-Central province","1.07","MB","O/Levels or Below","Yes","Less than one year","No","","No","No","Average","Average","Weak","Average","No","No","Python","Average","B","C","No","","No","Good","Satisfactory","Satisfactory","Fair","Weak",""
"2022/12/03 7:06:06 AM GMT+5:30","Female","Southern Province","1.4325","MB","A/Levels","Yes","Less than one year","No","","No","No","Very good","Good","Average","Weak","No","No","None","Weak","A","C","No","","Yes","Average","Satisfactory","Satisfactory","Satisfactory","Average","No"
"2022/12/03 7:08:04 AM GMT+5:30","Female","Western Province","1.5031","Bio","Diploma","Yes","more than 3 years","Yes","A","No","Yes","Good","Very good","Good","Good","No","Yes","Python","Average","A","A","Yes","B","No","Good","Very good","Satisfactory","Very good","Good",""
"2022/12/03 7:14:53 AM GMT+5:30","Female","Western Province","1.53","Bio","Diploma","Yes","more than 3 years","No","","No","Yes","Good","Good","Average","Average","No","Yes","None","Average","B","B","No","","No","Good","Satisfactory","Satisfactory","Satisfactory","Average",""
"2022/12/03 7:20:10 AM GMT+5:30","Female","Western Province","1.384","Bio","Higher","Yes","more than 3 years","No","","No","No","Very good","Very good","Very good","Very good","No","No","None","Very weak","A","A","Yes","A","No","Average","Excellent","Excellent","Excellent","Very good",""
"2022/12/03 7:39:01 AM GMT+5:30","Female","Western Province","1.3204","P4","A/Levels","Yes","more than 3 years","Yes","A","Yes","Yes","Good","Good","Good","Good","Yes","No","Java","Average","A","B","No","","No","Average","Satisfactory","Satisfactory","Satisfactory","Average",""
"2022/12/03 7:50:01 AM GMT+5:30","Male","Southern Province","1.6334","MB","Diploma","Yes","more than 3 years","Yes","A","Yes","Yes","Good","Good","Good","Average","No","Yes","Python;VB 6.0, MATLAB (very basic entry level knowledge)","Average","B","B","No","","No","Average","Satisfactory","Very good","Very good","Average","--"
"2022/12/03 7:50:52 AM GMT+5:30","Female","Southern Province","1.5047","MB","Degree","Yes","more than 3 years","Yes","A","No","Yes","Good","Good","Good","Good","No","Yes","None","Weak","A","A","Yes","A","No","Good","Satisfactory","Satisfactory","Satisfactory","Good",""
"2022/12/03 7:51:08 AM GMT+5:30","Female","Western Province","1.6665","Bio","Degree","Yes","more than 3 years","No","","No","Yes","Very good","Average","Average","Very good","No","No","None","Average","A","A","Yes","A","No","Good","Excellent","Excellent","Excellent","Very good",""
"2022/12/03 8:00:45 AM GMT+5:30","Female","Eastern Province","0.9153","MB","O/Levels or Below","Yes","Less than one year","No","","No","Yes","Good","Average","Average","Weak","Yes","No","Python","Weak","B","A","No","","Yes","Average","Satisfactory","Satisfactory","Fair","Good",""
"2022/12/03 8:18:26 AM GMT+5:30","Female","Western Province","1.526","Bio","Degree","Yes","more than 3 years","Yes","A","No","No","Good","Good","Good","Good","Yes","No","Python;Pascal","Average","A","A","Yes","B","No","Good","Very good","Very good","Very good","Good",""
"2022/12/03 8:36:30 AM GMT+5:30","Female","Western Province","1.7765","MB","Degree","Yes","more than 3 years","Yes","A","Yes","No","Good","Good","Good","Good","No","No","None","Very weak","A","B","No","","Yes","Good","Very good","Very good","Very good","Good",""
"2022/12/03 8:49:14 AM GMT+5:30","Female","Western Province","1.55","Bio","Diploma","Yes","more than 3 years","Yes","A","No","Yes","Good","Good","Good","Very good","Yes","Yes","Python","Average","A","A","Yes","A","No","Average","Very good","Very good","Very good","Very good",""
"2022/12/03 9:10:17 AM GMT+5:30","Female","Western Province","1.5219","Bio","Degree","Yes","more than 3 years","No","","No","No","Very good","Very good","Very good","Very good","No","No","None","Very weak","A","A","No","","No","Very good","Excellent","Excellent","Very good","Very good",""
"2022/12/03 9:14:30 AM GMT+5:30","Female","Sabaragamuwa Province","1.3857","Bio","A/Levels","Yes","more than 3 years","Yes","A","No","Yes","Very good","Good","Good","Average","No","Yes","Python","Weak","A","A","Yes","B","No","Average","Fair","Fair","Satisfactory","Average",""
"2022/12/03 9:39:13 AM GMT+5:30","Female","Western Province","1.3232","P4","A/Levels","Yes","more than 3 years","No","","No","Yes","Average","Average","Average","Average","No","Yes","c++","Average","B","C","No","","No","Good","Satisfactory","Satisfactory","Satisfactory","Good","talking friends with english"
"2022/12/03 9:39:35 AM GMT+5:30","Female","Southern Province","1.3358","P4","Degree","Yes","Less than one year","Yes","A","No","No","Average","Average","Average","Average","No","No","None","Weak","A","S","No","","No","Average","Poor","Fair","Fair","Weak",""
"2022/12/03 9:44:16 AM GMT+5:30","Male","Western Province","1.5","P1","O/Levels or Below","Yes","1-3 years","Yes","A","No","No","Average","Weak","Average","Average","No","Yes","Python","Weak","C","S","No","","No","Good","Poor","Fair","Satisfactory","Weak",""
"2022/12/03 9:45:07 AM GMT+5:30","Male","Uva Province","1.4409","MB","Degree","Yes","more than 3 years","Yes","A","No","No","Weak","Weak","Weak","Average","No","No","None","Weak","C","S","No","","No","Weak","Excellent","Poor","Excellent","Average","      Introduce  new course  for it and english "
"2022/12/03 9:50:13 AM GMT+5:30","Male","Western Province","1.8255","P6","Degree","Yes","more than 3 years","Yes","A","No","Yes","Very good","Very good","Good","Very good","Yes","Yes","Python;JavaScript;C, C++","Very good","A","A","No","","No","Average","Excellent","Excellent","Excellent","Average",""
"2022/12/03 9:58:34 AM GMT+5:30","Female","Uva Province","1.23","MB","A/Levels","Yes","more than 3 years","Yes","A","No","Yes","Very good","Very good","Very good","Good","No","Yes","Python","Good","A","A","No","","No","Very good","Very good","Very good","Very good","Good",""
"2022/12/03 9:59:43 AM GMT+5:30","Female","Western Province","0.8399","P2","Degree","Yes","1-3 years","No","","Yes","Yes","Good","Average","Weak","Good","No","Yes","Java","Weak","A","A","Yes","A","Yes","Good","Excellent","Excellent","Excellent","Very good"," "
"2022/12/03 10:01:41 AM GMT+5:30","Female","Western Province","1.4966","Bio","A/Levels","Yes","more than 3 years","Yes","A","No","No","Average","Average","Average","Average","No","No","None","Weak","A","B","No","","Yes","Good","Satisfactory","Satisfactory","Very good","Average",""
"2022/12/03 10:16:59 AM GMT+5:30","Female","Western Province","2.9205","P3","Degree","Yes","more than 3 years","Yes","A","No","No","Very good","Very good","Very good","Very good","Yes","Yes","Python;Java","Weak","A","A","Yes","A","No","Very weak","Excellent","Excellent","Excellent","Good","Improve the EC 1001 course in a way it will help understand the lectures better and write assignments better, and also have it on-site. Have an enhancement course for learning basic computer skills. And try to start these two courses before the commencement of the 1st semester, 'cos theres ample time between registration and the commencement of the academic activities."
"2022/12/03 10:25:23 AM GMT+5:30","Male","Southern Province","1.5103","Bio","Degree","Yes","more than 3 years","Yes","A","No","Yes","Very good","Very good","Very good","Very good","No","Yes","Python","Weak","B","B","No","","No","Average","Very good","Very good","Very good","Very good",""
"2022/12/03 10:28:45 AM GMT+5:30","Female","Southern Province","1.2797","IS & MF","O/Levels or Below","Yes","Less than one year","Yes","A","No","Yes","Very good","Very good","Good","Good","Yes","Yes","Python","Good","A","A","Yes","B","Yes","Very good","Very good","Very good","Very good","Very good","No"
"2022/12/03 10:29:20 AM GMT+5:30","Female","Western Province","1.387","IS & MF","Degree","Yes","more than 3 years","Yes","A","No","No","Very good","Very good","Good","Good","Yes","Yes","Python","Good","A","A","Yes","A","No","Very good","Excellent","Excellent","Excellent","Very good","No other comments "
"2022/12/03 10:31:38 AM GMT+5:30","Female","North-Western Province","0.6318","IS & MF","A/Levels","Yes","more than 3 years","No","","Yes","Yes","Good","Good","Good","Good","No","Yes","None","Average","B","C","No","","Yes","Good","Fair","Satisfactory","Fair","Average",""
"2022/12/03 10:31:41 AM GMT+5:30","Female","Southern Province","1.5371","IS & MF","A/Levels","Yes","Less than one year","No","","No","Yes","Good","Good","Average","Good","No","Yes","None","Average","A","B","No","","No","Good","Satisfactory","Very good","Fair","Average",""
"2022/12/03 10:33:18 AM GMT+5:30","Female","North-Western Province","1.5189","Bio","Degree","Yes","more than 3 years","Yes","A","Yes","Yes","Very good","Very good","Very good","Very good","Yes","Yes","Python","Good","A","B","Yes","A","Yes","Very good","Very good","Satisfactory","Very good","Very good",""
"2022/12/03 10:35:26 AM GMT+5:30","Female","Western Province","1.65","P6","Degree","Yes","more than 3 years","Yes","A","No","Yes","Good","Good","Good","Good","Yes","Yes","Python;R,C","Average","A","A","Yes","A","No","Very good","Excellent","Excellent","Excellent","Very good",""
"2022/12/03 10:45:50 AM GMT+5:30","Female","Southern Province","1.3977","IS & MF","A/Levels","Yes","1-3 years","No","","No","Yes","Good","Average","Average","Average","No","Yes","None","Average","C","W","No","","No","Average","Poor","Very good","Satisfactory","Average","no"
"2022/12/03 10:56:51 AM GMT+5:30","Female","Southern Province","1.6373","Bio","Diploma","Yes","more than 3 years","Yes","A","No","Yes","Very good","Good","Very good","Good","No","Yes","Python;Pascal","Good","A","B","No","","Yes","Good","Fair","Satisfactory","Poor","Average",""
"2022/12/03 11:04:43 AM GMT+5:30","Female","Southern Province","0.7163","IS & MF","A/Levels","Yes","more than 3 years","Yes","C","Yes","Yes","Good","Good","Good","Good","No","Yes","None","Average","C","S","No","","Yes","Good","Satisfactory","Satisfactory","Satisfactory","Average","No suggestions "
"2022/12/03 11:30:24 AM GMT+5:30","Male","Western Province","1.65","MB","A/Levels","Yes","more than 3 years","No","","Yes","Yes","Good","Good","Good","Good","No","No","None","Weak","A","A","No","","No","Good","Satisfactory","Very good","Satisfactory","Average","No"
"2022/12/03 11:52:58 AM GMT+5:30","Female","Western Province","1.3959","P1","A/Levels","Yes","more than 3 years","Yes","C","Yes","No","Good","Good","Good","Good","No","No","None","Weak","C","B","No","","No","Average","Fair","Fair","Fair","Average",""
"2022/12/03 11:59:21 AM GMT+5:30","Male","North-Western Province","1.3088","IS & MF","Degree","Yes","more than 3 years","Yes","A","No","Yes","Very good","Good","Good","Good","Yes","No","Python","Average","A","B","No","","No","Average","Satisfactory","Satisfactory","Satisfactory","Average",""
"2022/12/03 12:04:11 PM GMT+5:30","Female","Western Province","1.4434","P1","Diploma","Yes","more than 3 years","Yes","A","No","Yes","Average","Average","Average","Average","No","Yes","None","Weak","A","A","Yes","B","No","Good","Very good","Very good","Very good","Good",""
"2022/12/03 12:08:00 PM GMT+5:30","Male","Western Province","1.6","P1","Degree","Yes","more than 3 years","No","","No","Yes","Average","Average","Average","Weak","No","Yes","Python","Weak","A","A","No","","No","Average","Excellent","Excellent","Excellent","Good",""
"2022/12/03 12:10:12 PM GMT+5:30","Male","Western Province","1.9163","P2","A/Levels","Yes","more than 3 years","Yes","A","Yes","Yes","Good","Good","Good","Average","No","Yes","None","Weak","A","A","No","","Yes","Good","Excellent","Excellent","Excellent","Very good",""
"2022/12/03 12:20:44 PM GMT+5:30","Female","Western Province","1.4761","P2","O/Levels or Below","Yes","more than 3 years","No","","Yes","Yes","Good","Good","Good","Good","No","No","None","Weak","A","A","No","","No","Good","Satisfactory","Satisfactory","Satisfactory","Good",""
"2022/12/03 12:56:15 PM GMT+5:30","Female","Southern Province","1.620","Bio","A/Levels","Yes","more than 3 years","No","","Yes","Yes","Very good","Good","Very good","Average","No","Yes","Python;I'm studying now","Weak","A","A","Yes","B","No","Average","Satisfactory","Satisfactory","Satisfactory","Good","Speaking training should be include to the english lectures "
"2022/12/03 1:05:05 PM GMT+5:30","Female","Western Province","1.5023","Bio","O/Levels or Below","Yes","more than 3 years","No","","No","Yes","Good","Good","Good","Good","No","Yes","Python","Average","A","A","No","","No","Average","Satisfactory","Satisfactory","Fair","Average",""
"2022/12/03 1:17:59 PM GMT+5:30","Male","Sabaragamuwa Province","1.6201","P3","A/Levels","Yes","more than 3 years","Yes","A","Yes","Yes","Very good","Very good","Very good","Very good","Yes","Yes","Python;Java;JavaScript","Very good","A","A","Yes","B","No","Very good","Very good","Very good","Very good","Very good",""
"2022/12/03 1:30:50 PM GMT+5:30","Female","Western Province","1.3682","P4","A/Levels","Yes","Less than one year","Yes","A","Yes","No","Average","Average","Average","Average","No","Yes","C#","Average","A","C","No","","No","Average","Satisfactory","Satisfactory","Satisfactory","Weak",""
"2022/12/03 2:53:16 PM GMT+5:30","Female","Central Province","1.2909","P4","O/Levels or Below","No","Less than one year","No","","Yes","Yes","Average","Weak","Weak","Weak","No","Yes","None","Very weak","S","W","No","","No","Average","Satisfactory","Satisfactory","Poor","Very weak",""
"2022/12/03 2:54:09 PM GMT+5:30","Male","Western Province","1.5244","IS & MF","A/Levels","Yes","more than 3 years","No","","No","Yes","Good","Good","Good","Very good","No","Yes","Python","Average","A","C","No","","No","Good","Very good","Excellent","Very good","Average",""
"2022/12/03 2:54:37 PM GMT+5:30","Male","Western Province","1.6","P6","Degree","Yes","1-3 years","No","","No","Yes","Average","Average","Average","Weak","Yes","Yes","Python","Average","A","A","Yes","A","No","Very good","Excellent","Excellent","Excellent","Very good",""
"2022/12/03 2:56:42 PM GMT+5:30","Female","Western Province","1.4091","P6","A/Levels","Yes","Less than one year","No","","Yes","Yes","Average","Average","Average","Average","No","Yes","Python","Weak","A","A","No","","No","Good","Satisfactory","Very good","Satisfactory","Average","Want to improve english speaking "
"2022/12/03 2:57:46 PM GMT+5:30","Male","Western Province","1.7","P3","Higher","Yes","more than 3 years","Yes","A","No","Yes","Very good","Very good","Good","Very good","No","Yes","Python","Good","A","A","Yes","A","No","Very weak","Excellent","Excellent","Excellent","Very good",""
"2022/12/03 3:14:28 PM GMT+5:30","Male","Sabaragamuwa Province","1.3258","P2","Degree","Yes","1-3 years","Yes","A","No","Yes","Very good","Good","Very good","Good","No","Yes","Python","Weak","A","C","Yes","C","Yes","Good","Satisfactory","Satisfactory","Satisfactory","Average",""
"2022/12/03 4:08:21 PM GMT+5:30","Female","Western Province","1.5252","P6","A/Levels","Yes","more than 3 years","Yes","A","No","No","Average","Average","Average","Average","No","No","None","Weak","A","A","No","","No","Very good","Very good","Very good","Very good","Good",""
"2022/12/03 4:46:44 PM GMT+5:30","Male","Western Province","1.3258","P1","Diploma","Yes","more than 3 years","No","","Yes","Yes","Very good","Good","Very good","Good","Yes","Yes","Python;Java","Average","A","B","No","","No","Good","Satisfactory","Satisfactory","Satisfactory","Average",""
"2022/12/03 4:46:46 PM GMT+5:30","Male","Western Province","1.4140","P3","A/Levels","Yes","Less than one year","No","","No","Yes","Average","Average","Weak","Weak","No","Yes","Pascal","Average","A","B","No","","No","Good","Satisfactory","Excellent","Very good","Average","Offer them a computer cource before starting the 1st year 1st sem"
"2022/12/03 5:01:34 PM GMT+5:30","Male","Western Province","1.56","P3","A/Levels","Yes","Less than one year","No","","No","No","Very Weak","Very Weak","Weak","Weak","No","No","Python","Very weak","B","C","No","","No","Average","Satisfactory","Satisfactory","Satisfactory","Average",""
"2022/12/03 5:54:25 PM GMT+5:30","Male","Sabaragamuwa Province","1.37","IS & MF","Degree","Yes","more than 3 years","No","","No","Yes","Very good","Very good","Very good","Good","No","Yes","Python","Average","B","C","No","","No","Average","Fair","Satisfactory","Satisfactory","Average",""
"2022/12/03 7:34:18 PM GMT+5:30","Male","Uva Province","1.4594","IS & MF","A/Levels","Yes","more than 3 years","Yes","A","No","Yes","Good","Good","Good","Good","No","Yes","Python","Average","A","C","No","","No","Average","Satisfactory","Satisfactory","Very good","Good",""
"2022/12/03 7:55:25 PM GMT+5:30","Female","Western Province","1.7865","P6","A/Levels","Yes","more than 3 years","Yes","A","No","Yes","Good","Average","Good","Good","Yes","Yes","Python","Average","A","A","Yes","A","No","Average","Excellent","Excellent","Excellent","Good",""
"2022/12/03 8:50:10 PM GMT+5:30","Female","North-Western Province","2.1813","MB","A/Levels","Yes","1-3 years","No","","No","Yes","Average","Weak","Average","Average","No","No","None","Very weak","A","C","No","","Yes","Good","Satisfactory","Satisfactory","Satisfactory","Average",""
"2022/12/03 8:51:47 PM GMT+5:30","Male","Western Province","1.349","P6","A/Levels","Yes","more than 3 years","Yes","A","No","Yes","Good","Good","Good","Good","Yes","Yes","Python","Good","A","B","No","","No","Good","Satisfactory","Satisfactory","Satisfactory","Good","No"
"2022/12/03 10:01:43 PM GMT+5:30","Male","Western Province","1.74","P6","Diploma","Yes","more than 3 years","Yes","A","No","Yes","Average","Average","Average","Average","No","Yes","None","Average","A","A","No","","No","Good","Satisfactory","Very good","Satisfactory","Average",""
"2022/12/04 12:13:16 AM GMT+5:30","Male","Western Province","1.38","P2","Degree","Yes","1-3 years","No","","No","Yes","Average","Good","Average","Average","No","Yes","Python;None","Average","B","C","No","","No","Average","Satisfactory","Satisfactory","Very good","Average","Also iwara wechcha gaman campus enakan awuruddak dekak thiyenawa.e atarakale YouTube balala oka hadaganna puluwn.english nm subtitle ekka e kale film balala yam durakata goda daganna puluwn"
"2022/12/04 9:54:21 AM GMT+5:30","Male","Central Province","1.8278","P4","A/Levels","Yes","more than 3 years","Yes","A","No","Yes","Very good","Very good","Very good","Very good","Yes","Yes","Python","Good","A","B","No","","No","Good","Very good","Very good","Very good","Good",""
"2022/12/05 6:42:23 AM GMT+5:30","Female","Western Province","1.56","IS & MF","Degree","Yes","1-3 years","No","","Yes","Yes","Very good","Good","Good","Good","Yes","Yes","Python;C#","Average","A","B","No","","No","Good","Satisfactory","Satisfactory","Satisfactory","Good","No"
"2022/12/05 10:11:00 AM GMT+5:30","Male","Central Province","1.3226 ","P2","A/Levels","Yes","more than 3 years","No","","No","Yes","Good","Good","Good","Good","Yes","Yes","Python","Good","B","C","No","","No","Good","Very good","Satisfactory","Satisfactory","Good",""
"2022/12/06 10:24:01 PM GMT+5:30","Male","Uva Province","1.6960","P3","O/Levels or Below","Yes","more than 3 years","No","","No","Yes","Average","Average","Average","Average","No","Yes","Python","Weak","A","B","Yes","","No","Good","Satisfactory","Satisfactory","Satisfactory","Good",""
"2022/12/09 6:37:11 AM GMT+5:30","Female","Western Province","1.4933","P4","A/Levels","Yes","1-3 years","No","","No","Yes","Good","Weak","Average","Weak","Yes","Yes","Python","Weak","A","B","No","","Yes","Good","Satisfactory","Satisfactory","Satisfactory","Average",""
"2022/12/09 6:40:01 AM GMT+5:30","Male","Western Province","1.3268","P6","A/Levels","Yes","1-3 years","Yes","B","Yes","No","Good","Average","Average","Average","Yes","No","Python;Java","Average","B","C","No","","Yes","Good","Fair","Fair","Satisfactory","Average",""
"2022/12/09 9:42:14 AM GMT+5:30","Female","Northern Province","1.4452","P4","A/Levels","Yes","1-3 years","Yes","A","Yes","No","Very good","Very good","Very good","Very good","Yes","Yes","Python","Good","A","B","No","","Yes","Good","Satisfactory","Satisfactory","Satisfactory","Average",""
"2022/12/09 9:46:58 AM GMT+5:30","Male","Eastern Province","1.3222","IS & MF","A/Levels","Yes","1-3 years","Yes","A","Yes","Yes","Good","Good","Good","Good","Yes","Yes","Java","Good","B","B","No","","Yes","Good","Satisfactory","Satisfactory","Satisfactory","Good",""
"2022/12/09 9:48:58 AM GMT+5:30","Male","Central Province","0.9957","Bio","A/Levels","Yes","more than 3 years","Yes","A","Yes","Yes","Average","Average","Average","Average","Yes","Yes","Java","Average","B","B","No","","Yes","Average","Satisfactory","Satisfactory","Satisfactory","Average",""
"2022/12/09 9:51:11 AM GMT+5:30","Female","North-Western Province","0.9542","MB","Diploma","Yes","Less than one year","Yes","A","No","Yes","Average","Average","Average","Good","Yes","No","None","Good","B","C","No","","No","Average","Satisfactory","Satisfactory","Satisfactory","Good",""
"2022/12/09 5:41:11 PM GMT+5:30","Male","Eastern Province","1.35","P6","A/Levels","Yes","Less than one year","No","","No","Yes","Good","Weak","Average","Average","No","No","None","Very weak","C","S","No","","Yes","Good","Satisfactory","Fair","Satisfactory","Average","Campus patan ganna kalin one wena dewal gana lamai danuwath kirima"
"2022/12/09 5:45:28 PM GMT+5:30","Female","Sabaragamuwa Province","1.4340","P2","Diploma","Yes","more than 3 years","Yes","A","No","Yes","Very good","Average","Good","Average","Yes","Yes","Python","Good","A","B","No","","Yes","Good","Very good","Satisfactory","Satisfactory","Good","Better to have a computer course as an EC course "
"2022/12/09 5:58:59 PM GMT+5:30","Female","Central Province","1.2575","P4","A/Levels","Yes","1-3 years","No","","No","Yes","Good","Weak","Average","Average","No","Yes","Python","Average","B","C","No","","Yes","Good","Satisfactory","Fair","Satisfactory","Average",""
"2022/12/09 6:02:14 PM GMT+5:30","Male","Uva Province","1.467","P4","A/Levels","Yes","1-3 years","No","","No","Yes","Good","Weak","Average","Good","No","No","None","Very weak","C","W","No","","Yes","Average","Fair","Poor","Fair","Average",""
"2022/12/09 6:06:30 PM GMT+5:30","Female","Eastern Province","1.3785","P4","A/Levels","Yes","1-3 years","No","","No","No","Average","Weak","Weak","Average","No","No","None","Very weak","S","W","No","","Yes","Good","Poor","Poor","Poor","Weak",""
"2022/12/09 6:08:37 PM GMT+5:30","Female","Western Province","1.5356","P2","Degree","Yes","more than 3 years","Yes","A","No","No","Good","Average","Average","Good","No","Yes","Python","Average","B","S","No","","Yes","Good","Satisfactory","Satisfactory","Satisfactory","Average",""
"2022/12/09 6:11:02 PM GMT+5:30","Female","Western Province","1.4954","P4","A/Levels","Yes","1-3 years","No","","No","Yes","Good","Good","Average","Average","No","Yes","Python","Average","B","S","No","","Yes","Average","Very good","Very good","Satisfactory","Average",""
"2022/12/09 6:13:42 PM GMT+5:30","Male","Western Province","1.467","IS & MF","A/Levels","Yes","1-3 years","Yes","A","No","Yes","Good","Weak","Average","Good","No","No","None","Very weak","C","S","No","","Yes","Average","Satisfactory","Satisfactory","Satisfactory","Average",""
"2022/12/09 6:15:37 PM GMT+5:30","Female","Western Province","1.485","IS & MF","A/Levels","Yes","more than 3 years","No","","No","Yes","Good","Good","Average","Good","No","Yes","Python","Average","B","C","No","","Yes","Average","Satisfactory","Satisfactory","Fair","Average",""
"2022/12/09 6:17:33 PM GMT+5:30","Male","Western Province","1.54","IS & MF","O/Levels or Below","Yes","1-3 years","No","","No","Yes","Good","Weak","Average","Average","No","Yes","Java","Average","C","C","Yes","","Yes","Good","Fair","Satisfactory","Satisfactory","Average",""
"2022/12/09 6:22:25 PM GMT+5:30","Female","Southern Province","1.489","IS & MF","A/Levels","Yes","1-3 years","Yes","A","No","No","Good","Average","Average","Average","No","No","None","Very weak","C","S","No","","Yes","Average","Satisfactory","Fair","Fair","Average",""
"2022/12/09 6:24:58 PM GMT+5:30","Male","Western Province","1.4658","IS & MF","A/Levels","Yes","1-3 years","Yes","A","Yes","Yes","Very good","Good","Average","Good","Yes","Yes","Python;JavaScript","Good","A","C","No","","Yes","Good","Very good","Satisfactory","Satisfactory","Good","It's better to have computer related activities during the orientation "
"2022/12/09 6:27:45 PM GMT+5:30","Male","Central Province","1.345","IS & MF","A/Levels","Yes","1-3 years","No","","No","Yes","Good","Average","Average","Average","No","Yes","Python","Average","B","C","No","","Yes","Good","Satisfactory","Satisfactory","Satisfactory","Average","Academic waladi pawichchi wena wachana eka eka course waladi wenama dunna nam hondai"
"2022/12/09 6:30:00 PM GMT+5:30","Female","North-Western Province","1.43","IS & MF","A/Levels","Yes","1-3 years","No","","No","Yes","Good","Average","Average","Average","No","No","None","Very weak","B","S","No","","Yes","Average","Satisfactory","Fair","Satisfactory","Average",""
"2022/12/09 6:31:35 PM GMT+5:30","Female","Western Province","1.52","IS & MF","Higher","Yes","more than 3 years","No","","Yes","Yes","Good","Average","Average","Good","Yes","Yes","Python","Good","A","C","No","","Yes","Good","Very good","Very good","Satisfactory","Good",""
"2022/12/09 6:33:24 PM GMT+5:30","Male","Western Province","1.74","MB","A/Levels","Yes","1-3 years","No","","No","Yes","Good","Weak","Average","Good","No","No","None","Very weak","A","C","No","","Yes","Good","Very good","Very good","Very good","Good",""
"2022/12/09 7:08:16 PM GMT+5:30","Male","Western Province","1.7465","Bio","A/Levels","Yes","1-3 years","Yes","A","No","No","Good","Very Weak","Average","Good","No","No","None","Very weak","A","C","No","","No","Good","Very good","Satisfactory","Satisfactory","Good",""
"2022/12/09 7:09:44 PM GMT+5:30","Female","Southern Province","1.72","Bio","Diploma","Yes","1-3 years","No","","No","No","Good","Very Weak","Weak","Good","No","No","None","Very weak","B","S","No","","Yes","Average","Satisfactory","Satisfactory","Fair","Average",""
"2022/12/09 7:11:11 PM GMT+5:30","Female","Sabaragamuwa Province","1.68","Bio","A/Levels","Yes","more than 3 years","No","","No","Yes","Good","Very Weak","Average","Good","No","No","None","Very weak","B","C","No","","Yes","Good","Satisfactory","Very good","Satisfactory","Good",""
"2022/12/10 10:24:03 AM GMT+5:30","Female","Western Province","1.4493","P6","Degree","Yes","more than 3 years","Yes","C","Yes","Yes","Very good","Weak","Average","Weak","No","No","None","Very weak","B","B","No","","Yes","Good","Satisfactory","Satisfactory","Satisfactory","Average","It would be better if an IT course can be conducted before starting the academics."
"2022/12/10 10:28:57 AM GMT+5:30","Female","Western Province","1.3954","P4","A/Levels","Yes","1-3 years","No","","Yes","No","Good","Very Weak","Weak","Weak","No","No","None","Very weak","C","C","No","","Yes","Very good","Very good","Very good","Very good","Average","No"
"2022/12/10 10:33:59 AM GMT+5:30","Male","Western Province","1.3682","P3","A/Levels","Yes","more than 3 years","No","","Yes","No","Good","Weak","Average","Very weak","Yes","No","Python","Average","B","S","No","","No","Good","Satisfactory","Very good","Satisfactory","Average",""
"2022/12/10 10:38:33 AM GMT+5:30","Female","Western Province","1.4988","P4","Diploma","Yes","more than 3 years","Yes","C","Yes","No","Very good","Weak","Good","Average","No","No","None","Weak","A","B","Yes","C","Yes","Very good","Very good","Very good","Satisfactory","Good",""
"2022/12/10 11:01:53 AM GMT+5:30","Male","Central Province","1.21","P1","A/Levels","Yes","Less than one year","No","","Yes","No","Good","Very Weak","Very Weak","Weak","No","No","None","Very weak","C","S","No","","Yes","Good","Fair","Fair","Fair","Weak",""
"2022/12/10 11:07:03 AM GMT+5:30","Female","Sabaragamuwa Province","1.2911","P6","A/Levels","Yes","1-3 years","No","","No","Yes","Good","Weak","Average","Average","Yes","Yes","Java","Average","C","C","No","","Yes","Average","Very good","Satisfactory","Satisfactory","Average",""
"2022/12/10 11:29:42 AM GMT+5:30","Male","Western Province","1.4296","P2","Degree","Yes","more than 3 years","Yes","B","Yes","Yes","Good","Very Weak","Average","Average","No","No","None","Very weak","B","C","No","","No","Good","Very good","Very good","Satisfactory","Average",""
"2022/12/10 11:51:55 AM GMT+5:30","Female","Western Province","1.4522","P6","Diploma","Yes","more than 3 years","No","","Yes","No","Very good","Average","Good","Good","Yes","Yes","Python;Java","Good","A","B","Yes","B","Yes","Very good","Very good","Very good","Very good","Good",""
"2022/12/10 1:02:06 PM GMT+5:30","Male","Western Province","1.4766","P3","A/Levels","Yes","more than 3 years","No","","Yes","No","Very good","Weak","Good","Good","No","No","None","Very weak","C","C","No","","Yes","Good","Satisfactory","Satisfactory","Fair","Average",""
"2022/12/10 1:05:51 PM GMT+5:30","Female","Western Province","1.5236","P6","Degree","Yes","more than 3 years","Yes","B","Yes","Yes","Very good","Average","Average","Good","Yes","No","Python;JavaScript","Good","A","B","Yes","B","Yes","Very good","Very good","Satisfactory","Very good","Good",""
"2022/12/10 2:37:32 PM GMT+5:30","Female","Southern Province","1.5023","Bio","A/Levels","Yes","1-3 years","No","","No","Yes","Good","Very Weak","Weak","Very weak","No","No","None","Very weak","A","C","No","","Yes","Good","Very good","Satisfactory","Satisfactory","Average",""
"2022/12/10 2:41:12 PM GMT+5:30","Male","Western Province","1.6233","P4","A/Levels","Yes","more than 3 years","No","","Yes","No","Good","Weak","Average","Weak","Yes","No","Python","Weak","B","C","Yes","S","Yes","Very good","Very good","Very good","Satisfactory","Good",""
"2022/12/10 2:45:34 PM GMT+5:30","Female","Western Province","1.4985","P6","Degree","Yes","more than 3 years","Yes","B","No","Yes","Good","Good","Good","Good","No","No","None","Very weak","A","B","No","","Yes","Average","Very good","Satisfactory","Fair","Average","Conduct some workshops to improve our programming knowledge "
"2022/12/10 2:48:55 PM GMT+5:30","Female","Western Province","1.7896","MB","Higher","Yes","more than 3 years","No","","Yes","No","Good","Very Weak","Weak","Average","No","No","None","Very weak","A","A","Yes","B","No","Very good","Very good","Very good","Very good","Good",""
"2022/12/10 2:52:18 PM GMT+5:30","Male","Western Province","1.4732","P2","A/Levels","Yes","Less than one year","No","","No","Yes","Good","Very Weak","Average","Weak","No","No","None","Weak","C","S","No","","Yes","Good","Satisfactory","Fair","Fair","Weak",""
"2022/12/10 2:56:48 PM GMT+5:30","Male","North-Western Province","1.4755","Bio","A/Levels","Yes","Less than one year","No","","Yes","No","Good","Weak","Weak","Weak","No","Yes","Python","Average","B","C","No","","No","Very good","Satisfactory","Satisfactory","Fair","Average",""
"2022/12/10 3:00:00 PM GMT+5:30","Female","Western Province","1.5211","P1","Diploma","Yes","more than 3 years","Yes","C","Yes","No","Very good","Average","Good","Good","No","No","None","Very weak","C","S","No","","Yes","Good","Satisfactory","Satisfactory","Satisfactory","Average",""
"2022/12/10 3:03:07 PM GMT+5:30","Male","Western Province","1.4921","P5","A/Levels","Yes","1-3 years","No","","Yes","Yes","Very good","Very Weak","Average","Average","No","Yes","JavaScript","Weak","B","B","No","","No","Good","Very good","Very good","Satisfactory","Average",""
"2022/12/10 3:09:20 PM GMT+5:30","Male","Western Province","1.5931","IS & MF","Diploma","Yes","more than 3 years","Yes","B","Yes","No","Good","Weak","Average","Average","No","No","None","Very weak","A","B","Yes","C","Yes","Very good","Very good","Very good","Very good","Good",""
"2022/12/10 3:13:30 PM GMT+5:30","Female","Sabaragamuwa Province","1.4452","IS & MF","A/Levels","Yes","more than 3 years","No","","No","Yes","Good","Very Weak","Weak","Weak","No","No","None","Very weak","B","B","No","","Yes","Average","Very good","Satisfactory","Satisfactory","Average","Conduct some basic computer and programming courses "
"2022/12/10 5:44:19 PM GMT+5:30","Female","Western Province","1.3525","IS & MF","A/Levels","Yes","more than 3 years","Yes","A","No","Yes","Very good","Good","Average","Good","No","No","None","Weak","A","A","No","","Yes","Good","Very good","Very good","Very good","Good",""
"2022/12/10 5:52:14 PM GMT+5:30","Female","Western Province","1.3248","IS & MF","Degree","Yes","more than 3 years","No","","No","Yes","Very good","Average","Average","Average","No","Yes","None","Weak","A","B","No","","No","Average","Satisfactory","Satisfactory","Satisfactory","Average","to have a computer course "
"2022/12/10 5:55:51 PM GMT+5:30","Female","Western Province","1.5841","IS & MF","A/Levels","Yes","1-3 years","Yes","A","No","Yes","Good","Average","Average","Average","Yes","Yes","Python","Average","A","A","Yes","A","No","Average","Very good","Very good","Very good","Good",""
"2022/12/10 6:01:05 PM GMT+5:30","Female","Western Province","1.3215","P4","A/Levels","Yes","more than 3 years","Yes","A","No","Yes","Good","Good","Good","Good","No","Yes","None","Weak","B","B","No","","Yes","Good","Satisfactory","Satisfactory","Satisfactory","Average",""
"2022/12/10 6:06:08 PM GMT+5:30","Female","Western Province","1.4426","P6","Degree","Yes","more than 3 years","Yes","B","No","Yes","Good","Average","Good","Good","Yes","Yes","Python","Average","B","B","No","","No","Average","Satisfactory","Satisfactory","Satisfactory","Average","improve English course conduct by university"
"2022/12/10 6:08:51 PM GMT+5:30","Female","Western Province","1.8821","P6","Degree","Yes","more than 3 years","Yes","A","No","Yes","Good","Good","Good","Good","Yes","Yes","Python","Average","A","A","Yes","A","No","Good","Very good","Very good","Very good","Good",""
"2022/12/10 6:11:55 PM GMT+5:30","Female","Western Province","1.6542","Bio","A/Levels","Yes","1-3 years","No","","No","No","Average","Weak","Weak","Average","No","No","None","Very weak","A","A","No","","No","Average","Satisfactory","Satisfactory","Satisfactory","Average",""
"2022/12/10 6:16:38 PM GMT+5:30","Female","Western Province","1.5521","Bio","A/Levels","Yes","Less than one year","No","","No","No","Weak","Weak","Weak","Weak","No","No","None","Very weak","A","A","Yes","A","No","Average","Very good","Very good","Very good","Good",""
"2022/12/10 8:37:05 PM GMT+5:30","Female","Western Province","1.63","IS & MF","Higher","Yes","more than 3 years","No","","Yes","Yes","Good","Average","Average","Average","Yes","Yes","Python","Average","A","B","No","","Yes","Average","Satisfactory","Satisfactory","Satisfactory","Good",""
"2022/12/10 8:42:35 PM GMT+5:30","Female","Western Province","1.51","Bio","Degree","Yes","1-3 years","No","","Yes","No","Good","Average","Average","Average","No","No","None","Average","A","A","Yes","B","Yes","Good","Very good","Satisfactory","Very good","Good",""
"2022/12/10 8:46:12 PM GMT+5:30","Female","Western Province","1.59","P1","A/Levels","Yes","Less than one year","Yes","A","Yes","Yes","Good","Average","Average","Good","Yes","Yes","Python;JavaScript","Good","A","B","Yes","B","Yes","Good","Very good","Very good","Very good","Good",""
"2022/12/10 8:50:18 PM GMT+5:30","Male","Western Province","1.97","MB","Diploma","Yes","Less than one year","Yes","A","Yes","Yes","Good","Good","Good","Good","Yes","Yes","Python;JavaScript","Good","A","A","No","","Yes","Good","Satisfactory","Satisfactory","Satisfactory","Good",""
"2022/12/10 8:52:38 PM GMT+5:30","Male","Southern Province","1.87","P2","O/Levels or Below","Yes","Less than one year","Yes","A","Yes","Yes","Good","Good","Good","Good","Yes","Yes","Python;Java;JavaScript","Good","A","A","Yes","A","No","Good","Satisfactory","Satisfactory","Satisfactory","Good",""
"2022/12/10 9:34:39 PM GMT+5:30","Female","Western Province","1.3628","P6","Diploma","Yes","1-3 years","No","","Yes","Yes","Average","Weak","Average","Average","No","Yes","None","Weak","B","B","No","","Yes","Average","Satisfactory","Satisfactory","Satisfactory","Average",""
"2022/12/10 9:38:34 PM GMT+5:30","Female","Western Province","1.4523","Bio","A/Levels","Yes","more than 3 years","Yes","A","No","Yes","Good","Average","Average","Average","No","Yes","Python;JavaScript","Average","A","A","Yes","B","No","Good","Very good","Very good","Very good","Good",""
"2022/12/10 9:42:55 PM GMT+5:30","Female","Western Province","1.3125","P2","A/Levels","Yes","1-3 years","Yes","C","Yes","Yes","Average","Average","Average","Average","No","Yes","JavaScript;None","Very weak","B","B","No","","Yes","Average","Satisfactory","Satisfactory","Satisfactory","Average",""
"2022/12/10 9:47:51 PM GMT+5:30","Female","Northern Province","1.3845","P2","A/Levels","Yes","Less than one year","No","","No","Yes","Average","Weak","Weak","Average","No","Yes","JavaScript","Weak","A","A","No","","Yes","Good","Satisfactory","Satisfactory","Satisfactory","Average",""
"2022/12/10 9:51:05 PM GMT+5:30","Female","Southern Province","1.5126","Bio","A/Levels","Yes","more than 3 years","Yes","A","Yes","Yes","Good","Average","Average","Average","No","Yes","None","Very weak","A","B","No","","No","Good","Satisfactory","Satisfactory","Satisfactory","Average","conduct programming courses"
"2022/12/10 9:53:13 PM GMT+5:30","Male","Western Province","1.3385","IS & MF","Degree","Yes","more than 3 years","Yes","A","No","Yes","Good","Good","Good","Good","Yes","Yes","Python;JavaScript","Average","B","B","No","","No","Good","Satisfactory","Satisfactory","Satisfactory","Average",""
"2022/12/10 9:55:30 PM GMT+5:30","Male","Western Province","1.3887","IS & MF","A/Levels","Yes","more than 3 years","Yes","B","Yes","Yes","Good","Average","Average","Average","Yes","Yes","JavaScript","Average","A","A","No","","No","Good","Very good","Very good","Very good","Good",""
"2022/12/10 9:58:27 PM GMT+5:30","Male","Southern Province","1.3263","P4","A/Levels","Yes","1-3 years","Yes","A","Yes","Yes","Good","Average","Average","Average","No","Yes","Python;JavaScript","Average","C","C","No","","Yes","Good","Fair","Fair","Fair","Weak",""
"2022/12/10 10:01:14 PM GMT+5:30","Male","Southern Province","1.7652","P3","Degree","Yes","more than 3 years","Yes","A","No","Yes","Good","Good","Good","Good","Yes","Yes","Python;Java;C++","Good","A","A","Yes","A","No","Good","Very good","Very good","Very good","Good",""
"2022/12/10 10:07:43 PM GMT+5:30","Male","Sabaragamuwa Province","1.3245","P6","A/Levels","Yes","more than 3 years","Yes","A","Yes","Yes","Good","Average","Weak","Average","Yes","Yes","Python;Java","Average","B","C","No","","Yes","Good","Satisfactory","Satisfactory","Satisfactory","Average",""
"2022/12/10 10:10:19 PM GMT+5:30","Male","Southern Province","1.3987","Bio","A/Levels","Yes","more than 3 years","Yes","A","No","Yes","Average","Weak","Weak","Average","Yes","Yes","Python","Average","A","A","Yes","B","No","Good","Very good","Very good","Very good","Good",""
"2022/12/10 10:12:21 PM GMT+5:30","Male","Uva Province","1.6542","MB","Higher","Yes","more than 3 years","Yes","A","No","Yes","Good","Average","Average","Good","Yes","Yes","Python;C++","Average","A","A","No","","No","Good","Very good","Very good","Very good","Good",""
"2022/12/10 10:15:11 PM GMT+5:30","Male","Southern Province","1.3625","Bio","A/Levels","Yes","more than 3 years","No","","Yes","Yes","Good","Weak","Average","Average","No","Yes","JavaScript;C++","Average","A","B","No","","Yes","Very good","Very good","Satisfactory","Satisfactory","Average",""
"2022/12/11 12:32:58 PM GMT+5:30","Female","Western Province","1.45","P2","Diploma","Yes","Less than one year","No","","Yes","No","Good","Average","Weak","Average","No","No","None","Very weak","B","B","No","","Yes","Average","Satisfactory","Satisfactory","Satisfactory","Average",""
"2022/12/11 12:45:51 PM GMT+5:30","Female","Central Province","1.57","IS & MF","Degree","No","Less than one year","No","","No","No","Good","Average","Average","Weak","No","No","None","Very weak","A","A","No","","No","Good","Satisfactory","Satisfactory","Very good","Good",""
"2022/12/11 12:48:04 PM GMT+5:30","Female","Uva Province","1.36","P5","A/Levels","Yes","more than 3 years","No","","Yes","Yes","Good","Average","Average","Average","No","No","None","Weak","B","C","No","","Yes","Good","Satisfactory","Satisfactory","Satisfactory","Average",""
"2022/12/11 12:49:58 PM GMT+5:30","Male","Sabaragamuwa Province","1.57","P4","Higher","Yes","more than 3 years","No","","Yes","Yes","Very good","Good","Good","Good","No","Yes","Python","Average","A","B","No","","Yes","Average","Satisfactory","Satisfactory","Satisfactory","Average",""
"2022/12/11 12:55:27 PM GMT+5:30","Male","Central Province","1.46","P2","A/Levels","No","more than 3 years","Yes","B","Yes","Yes","Good","Average","Average","Average","No","Yes","Python;JavaScript","Average","B","B","No","","Yes","Average","Satisfactory","Satisfactory","Satisfactory","Average",""
"2022/12/11 7:02:41 PM GMT+5:30","Male","North-Western Province","1.3909","P3","Diploma","Yes","more than 3 years","No","","Yes","Yes","Good","Average","Good","Average","Yes","Yes","Python","Weak","A","B","Yes","C","No","Average","Very good","Satisfactory","Satisfactory","Average",""
"2022/12/11 7:02:48 PM GMT+5:30","Male","North-Western Province","1.6815","P6","O/Levels or Below","Yes","more than 3 years","Yes","A","No","Yes","Very good","Average","Very good","Good","No","No","None","Weak","A","A","Yes","C","No","Good","Excellent","Excellent","Excellent","Good",""
"2022/12/11 7:05:59 PM GMT+5:30","Female","Western Province","1.6791","P1","Degree","Yes","more than 3 years","Yes","A","Yes","No","Average","Average","Average","Average","Yes","Yes","Python","Weak","A","A","No","","Yes","Average","Satisfactory","Satisfactory","Very good","Average","Provide with more opportunities of presentations"
"2022/12/11 7:08:35 PM GMT+5:30","Male","Western Province","1.5","P3","Higher","Yes","more than 3 years","Yes","A","Yes","Yes","Very good","Very good","Very good","Very good","Yes","Yes","Python;JavaScript;C++ / C / Embedded C","Very good","A","A","No","","No","Very good","Excellent","Excellent","Excellent","Very good","No"
"2022/12/11 7:46:12 PM GMT+5:30","Female","Southern Province","0.7019","IS & MF","O/Levels or Below","Yes","Less than one year","Yes","A","Yes","Yes","Very good","Average","Average","Good","Yes","Yes","Python;Java","Weak","C","S","No","","Yes","Weak","Fair","Poor","Fair","Average","We need a way to increase our knowledge about this"
"2022/12/11 9:42:58 PM GMT+5:30","Female","Western Province","1.4956","IS & MF","Diploma","Yes","1-3 years","No","","Yes","Yes","Average","Average","Average","Average","Yes","Yes","Python","Good","C","S","No","","Yes","Weak","Satisfactory","Fair","Satisfactory","Average","Please develope the english knowledge give the student clear path"
"2022/12/11 10:13:41 PM GMT+5:30","Female","Western Province","1.97","Bio","Degree","Yes","more than 3 years","No","","Yes","No","Good","Average","Average","Weak","No","No","None","Very weak","A","B","Yes","C","Yes","Good","Satisfactory","Satisfactory","Very good","Average",""
"2022/12/11 10:15:42 PM GMT+5:30","Male","North-Central province","1.43","P3","O/Levels or Below","Yes","more than 3 years","Yes","B","Yes","No","Very good","Good","Good","Good","Yes","Yes","Python;JavaScript","Average","B","B","No","","Yes","Good","Satisfactory","Satisfactory","Satisfactory","Average",""
"2022/12/11 10:17:34 PM GMT+5:30","Female","Southern Province","1.67","P4","O/Levels or Below","No","Less than one year","No","","Yes","No","Good","Weak","Weak","Average","No","Yes","Python","Average","A","A","No","","Yes","Good","Satisfactory","Satisfactory","Satisfactory","Average",""
"2022/12/11 10:20:15 PM GMT+5:30","Female","Western Province","1.54","IS & MF","A/Levels","Yes","1-3 years","No","","Yes","No","Good","Good","Good","Average","No","No","None","Average","B","C","No","","Yes","Good","Satisfactory","Satisfactory","Satisfactory","Average",""
"2022/12/11 10:22:07 PM GMT+5:30","Male","Western Province","1.65","MB","A/Levels","Yes","more than 3 years","No","","Yes","No","Good","Average","Average","Average","No","No","None","Weak","A","B","No","","Yes","Average","Satisfactory","Satisfactory","Satisfactory","Average",""
"2022/12/12 11:20:30 AM GMT+5:30","Female","Western Province","1.97","P4","O/Levels or Below","No","Less than one year","No","","Yes","No","Average","Average","Average","Weak","No","No","None","Very weak","A","B","No","","Yes","Average","Satisfactory","Satisfactory","Satisfactory","Average",""
"2022/12/12 11:22:14 AM GMT+5:30","Male","Sabaragamuwa Province","1.65","IS & MF","Diploma","Yes","more than 3 years","Yes","B","Yes","Yes","Good","Good","Good","Average","Yes","Yes","Python","Average","A","C","No","","Yes","Average","Satisfactory","Satisfactory","Satisfactory","Average",""
"2022/12/12 11:24:16 AM GMT+5:30","Male","Western Province","1.96","IS & MF","Higher","Yes","1-3 years","Yes","A","Yes","No","Average","Average","Average","Average","No","Yes","Python","Weak","A","A","No","","Yes","Average","Satisfactory","Very good","Very good","Good",""
"2022/12/12 11:26:39 AM GMT+5:30","Female","North-Central province","1.56","P3","Degree","No","Less than one year","Yes","B","Yes","No","Average","Weak","Weak","Average","No","No","None","Average","B","B","No","","Yes","Average","Satisfactory","Satisfactory","Satisfactory","Average",""
"2022/12/12 11:28:23 AM GMT+5:30","Male","Southern Province","1.87","Bio","Diploma","Yes","1-3 years","No","","No","No","Good","Average","Average","Weak","No","No","None","Very weak","A","B","Yes","C","Yes","Average","Satisfactory","Satisfactory","Very good","Average",""
"2022/12/13 7:55:07 AM GMT+5:30","Female","North-Western Province","1.414","IS & MF","Degree","Yes","more than 3 years","No","","No","No","Good","Good","Average","Good","No","No","Python;Java;JavaScript","Weak","A","C","Yes","B","No","Weak","Very good","Very good","Very good","Good",""
"2022/12/13 7:56:50 AM GMT+5:30","Female","Western Province","1.567","Bio","Degree","Yes","more than 3 years","No","","Yes","No","Very good","Very good","Very good","Very good","Yes","No","Python;Java;JavaScript","Good","A","B","Yes","B","Yes","Average","Very good","Satisfactory","Satisfactory","Average",""
"2022/12/13 7:58:28 AM GMT+5:30","Male","Western Province","1.538","MB","Higher","Yes","more than 3 years","Yes","B","Yes","No","Very good","Very good","Very good","Very good","Yes","No","Java;JavaScript","Average","A","B","No","","Yes","Average","Satisfactory","Satisfactory","Satisfactory","Average",""
"2022/12/13 8:00:08 AM GMT+5:30","Female","Southern Province","1.613","P1","Higher","Yes","1-3 years","Yes","B","No","No","Good","Good","Average","Average","No","No","None","Very weak","A","A","Yes","B","Yes","Average","Excellent","Excellent","Excellent","Very good",""
"2022/12/13 8:01:56 AM GMT+5:30","Male","Western Province","1.67","P2","Higher","Yes","more than 3 years","Yes","A","No","Yes","Good","Good","Good","Good","No","No","None","Very weak","A","B","No","","Yes","Good","Very good","Very good","Very good","Good",""
"2022/12/13 8:04:24 AM GMT+5:30","Male","Western Province","1.571","P3","Degree","Yes","more than 3 years","Yes","B","Yes","Yes","Good","Good","Good","Good","Yes","No","Python","Average","B","B","Yes","C","Yes","Good","Very good","Very good","Very good","Good",""
"2022/12/13 8:06:03 AM GMT+5:30","Female","North-Central province","1.34","P4","Diploma","Yes","Less than one year","No","","No","No","Average","Weak","Weak","Weak","No","No","None","Very weak","A","C","Yes","S","No","Good","Satisfactory","Fair","Satisfactory","Average",""
"2022/12/13 8:07:50 AM GMT+5:30","Female","Sabaragamuwa Province","1.493","P5","Diploma","Yes","1-3 years","Yes","B","No","Yes","Good","Good","Good","Good","Yes","Yes","Python;Java","Good","B","S","No","","Yes","Good","Satisfactory","Satisfactory","Satisfactory","Average",""
"2022/12/13 8:09:26 AM GMT+5:30","Female","Western Province","1.625","P6","Higher","Yes","more than 3 years","No","","Yes","No","Good","Good","Good","Good","Yes","No","Java","Good","A","B","No","","No","Good","Very good","Very good","Satisfactory","Average",""
"2022/12/13 4:59:21 PM GMT+5:30","Male","Eastern Province","1.32","P2","O/Levels or Below","Yes","Less than one year","No","","No","Yes","Average","Very Weak","Weak","Weak","No","No","None","Very weak","C","S","No","","No","Weak","Poor","Fair","Poor","Weak",""
"2022/12/13 5:03:58 PM GMT+5:30","Male","Western Province","1.47","IS & MF","A/Levels","Yes","more than 3 years","No","","Yes","Yes","Good","Average","Average","Average","No","No","None","Very weak","B","C","No","","Yes","Average","Fair","Satisfactory","Satisfactory","Average",""
"2022/12/13 5:39:37 PM GMT+5:30","Female","Western Province","1.8736","Bio","A/Levels","Yes","more than 3 years","No","","No","Yes","Average","Average","Average","Average","No","Yes","None","Average","B","B","No","","Yes","Very good","Satisfactory","Very good","Very good","Good",""
"2022/12/13 6:00:39 PM GMT+5:30","Female","Western Province","1.853","MB","Degree","Yes","more than 3 years","Yes","A","Yes","Yes","Good","Average","Average","Good","Yes","Yes","Java","Good","A","A","Yes","B","Yes","Very good","Very good","Very good","Very good","Very good",""
"2022/12/13 6:04:10 PM GMT+5:30","Male","Southern Province","1.6732","Bio","Diploma","Yes","1-3 years","Yes","B","Yes","Yes","Good","Average","Average","Average","Yes","Yes","Python","Average","B","C","No","","Yes","Very good","Satisfactory","Very good","Very good","Average",""
"2022/12/13 6:06:52 PM GMT+5:30","Male","Sabaragamuwa Province","1.4523","P2","O/Levels or Below","Yes","Less than one year","No","","No","Yes","Average","Weak","Weak","Weak","No","Yes","None","Weak","B","C","No","","Yes","Good","Fair","Satisfactory","Satisfactory","Average",""
"2022/12/13 6:09:37 PM GMT+5:30","Female","Northern Province","1.6320","IS & MF","A/Levels","Yes","Less than one year","No","","Yes","Yes","Average","Average","Average","Average","No","Yes","None","Weak","C","C","No","","Yes","Very good","Satisfactory","Satisfactory","Satisfactory","Average",""
"2022/12/14 10:10:56 AM GMT+5:30","Female","Uva Province","1.42","P1","A/Levels","Yes","more than 3 years","No","","No","Yes","Very good","Average","Good","Good","No","Yes","Python;R","Average","C","C","No","","Yes","Average","Excellent","Very good","Very good","Good",""
"2022/12/14 10:14:05 AM GMT+5:30","Male","Northern Province","1.367","P1","A/Levels","Yes","1-3 years","Yes","B","No","Yes","Very good","Weak","Good","Good","No","No","None","Weak","B","S","No","","Yes","Average","Very good","Very good","Satisfactory","Good",""
"2022/12/14 10:16:37 AM GMT+5:30","Male","North-Central province","1.53","P4","Diploma","Yes","more than 3 years","No","","Yes","Yes","Good","Weak","Average","Good","No","Yes","Python","Average","B","C","No","","Yes","Average","Very good","Satisfactory","Very good","Good",""
"2022/12/14 10:19:33 AM GMT+5:30","Female","North-Western Province","1.48","P1","A/Levels","Yes","more than 3 years","Yes","A","No","Yes","Good","Weak","Good","Average","No","Yes","Python;JavaScript","Average","B","S","No","","Yes","Average","Very good","Very good","Very good","Average",""
"2022/12/14 10:22:30 AM GMT+5:30","Male","Eastern Province","1.296","P3","A/Levels","Yes","Less than one year","No","","Yes","Yes","Good","Good","Average","Average","Yes","Yes","Java","Average","A","S","No","","Yes","Average","Very good","Very good","Satisfactory","Good",""
"2022/12/14 10:25:33 AM GMT+5:30","Male","Northern Province","1.47","P6","Degree","Yes","1-3 years","No","","No","Yes","Good","Good","Average","Good","No","Yes","Python","Average","C","C","No","","Yes","Average","Very good","Very good","Very good","Good",""
"2022/12/14 10:28:32 AM GMT+5:30","Male","North-Central province","1.4910","P1","A/Levels","Yes","Less than one year","No","","No","Yes","Good","Average","Average","Good","No","Yes","Python","Good","B","S","No","","Yes","Average","Very good","Very good","Very good","Average",""
"2022/12/14 10:30:14 AM GMT+5:30","Male","Northern Province","1.457","P4","A/Levels","Yes","more than 3 years","No","","No","Yes","Good","Average","Average","Good","No","Yes","Python;JavaScript","Average","A","C","No","","Yes","Good","Satisfactory","Very good","Very good","Good",""
"2022/12/14 10:33:08 AM GMT+5:30","Male","North-Central province","1.467","P3","Diploma","Yes","1-3 years","Yes","B","No","Yes","Good","Good","Good","Good","No","Yes","Python","Average","B","S","No","","Yes","Average","Very good","Satisfactory","Very good","Good",""
"2022/12/14 11:40:23 AM GMT+5:30","Female","North-Central province","1.55","P2","A/Levels","Yes","Less than one year","Yes","C","No","Yes","Good","Average","Average","Average","No","Yes","Python","Average","B","C","No","","Yes","Good","Very good","Very good","Satisfactory","Good",""
"2022/12/14 11:41:56 AM GMT+5:30","Female","Eastern Province","1.54","P1","A/Levels","Yes","1-3 years","No","","No","Yes","Good","Average","Good","Average","No","Yes","Python","Average","A","C","No","","Yes","Good","Satisfactory","Satisfactory","Satisfactory","Average",""
"2022/12/14 11:44:52 AM GMT+5:30","Female","Eastern Province","1.394","P4","A/Levels","Yes","more than 3 years","No","","Yes","Yes","Very good","Good","Good","Good","No","Yes","Python;JavaScript;PHP","Good","B","S","No","","Yes","Average","Very good","Satisfactory","Satisfactory","Average",""
"2022/12/14 11:46:20 AM GMT+5:30","Female","North-Western Province","1.4967","P3","Degree","Yes","1-3 years","No","","No","Yes","Good","Good","Average","Good","No","Yes","Python","Good","C","S","No","","Yes","Average","Satisfactory","Satisfactory","Satisfactory","Average",""
"2022/12/14 11:47:44 AM GMT+5:30","Female","North-Western Province","1.5677","P3","Diploma","Yes","more than 3 years","No","","No","Yes","Good","Average","Average","Average","No","Yes","Python","Average","B","C","No","","Yes","Good","Very good","Satisfactory","Very good","Average",""
"2022/12/14 11:51:59 AM GMT+5:30","Male","Western Province","1.5456","P5","A/Levels","Yes","1-3 years","Yes","A","No","Yes","Good","Good","Average","Good","Yes","Yes","Python;Java","Good","B","C","No","","Yes","Good","Very good","Very good","Very good","Good",""
"2022/12/14 11:53:25 AM GMT+5:30","Female","Southern Province","1.4789","IS & MF","A/Levels","Yes","1-3 years","No","","No","Yes","Good","Good","Average","Good","No","Yes","Python","Good","B","S","No","","Yes","Average","Very good","Satisfactory","Very good","Average",""
"2022/12/14 11:55:16 AM GMT+5:30","Male","North-Central province","1.386","P5","A/Levels","Yes","1-3 years","No","","Yes","Yes","Good","Good","Average","Good","Yes","Yes","Python;Java","Good","C","C","No","","Yes","Good","Very good","Very good","Very good","Average",""
"2022/12/14 11:58:40 AM GMT+5:30","Male","Uva Province","1.52","P3","A/Levels","Yes","Less than one year","No","","No","Yes","Good","Average","Average","Average","No","Yes","Python","Good","B","C","No","","Yes","Good","Very good","Very good","Very good","Good",""
"2022/12/14 12:01:51 PM GMT+5:30","Male","Western Province","1.4867","IS & MF","A/Levels","Yes","1-3 years","Yes","A","No","Yes","Good","Average","Average","Good","No","Yes","Python","Average","C","S","No","","No","Good","Very good","Very good","Very good","Good","Better to inform students about importantance of having programming knowledge before entering the university "
"2022/12/14 3:58:35 PM GMT+5:30","Female","Western Province","1.678","P3","Degree","Yes","more than 3 years","No","","Yes","No","Very good","Very good","Good","Good","No","No","None","Very weak","A","B","Yes","B","Yes","Average","Very good","Very good","Very good","Good",""
"2022/12/14 3:59:58 PM GMT+5:30","Male","Eastern Province","1.345","P6","Diploma","Yes","1-3 years","Yes","C","Yes","No","Good","Average","Average","Average","No","No","None","Weak","B","S","No","","Yes","Good","Satisfactory","Satisfactory","Satisfactory","Average",""
"2022/12/14 4:01:39 PM GMT+5:30","Male","Uva Province","1.45","Bio","A/Levels","Yes","Less than one year","No","","No","No","Average","Weak","Weak","Weak","No","No","None","Very weak","C","S","No","","No","Very good","Fair","Fair","Fair","Average",""
"2022/12/14 4:03:10 PM GMT+5:30","Female","Western Province","1.714","IS & MF","Higher","Yes","more than 3 years","Yes","A","Yes","Yes","Very good","Very good","Very good","Very good","Yes","Yes","Python;Java","Good","A","A","Yes","A","Yes","Average","Excellent","Excellent","Excellent","Very good",""
"2022/12/14 4:05:15 PM GMT+5:30","Female","Central Province","1.231","MB","Diploma","Yes","1-3 years","Yes","B","Yes","Yes","Good","Average","Weak","Good","No","Yes","Java","Average","A","B","Yes","C","Yes","Good","Satisfactory","Fair","Satisfactory","Average",""
"2022/12/14 5:27:32 PM GMT+5:30","Female","Western Province","1.71","IS & MF","A/Levels","Yes","more than 3 years","No","","Yes","Yes","Good","Weak","Average","Average","No","No","None","Very weak","B","S","No","","Yes","Average","Fair","Satisfactory","Fair","Average","Conduct a better English course more than 1 month"
"2022/12/14 5:29:43 PM GMT+5:30","Female","North-Central province","1.31","P3","O/Levels or Below","Yes","Less than one year","No","","No","Yes","Weak","Very Weak","Very Weak","Weak","No","Yes","Java","Weak","C","W","No","","Yes","Good","Fair","Poor","Poor","Weak",""
"2022/12/14 5:32:15 PM GMT+5:30","Female","Southern Province","1.36","P4","Degree","Yes","more than 3 years","No","","Yes","Yes","Good","Average","Good","Good","No","Yes","Python;Java","Average","A","A","Yes","B","Yes","Good","Very good","Satisfactory","Very good","Good",""
"2022/12/14 7:28:05 PM GMT+5:30","Male","Uva Province","1.4320","P1","O/Levels or Below","Yes","Less than one year","No","","No","Yes","Weak","Weak","Weak","Weak","No","Yes","None","Weak","C","C","No","","Yes","Very good","Fair","Fair","Fair","Average",""
"2022/12/14 7:32:34 PM GMT+5:30","Female","Central Province","1.7864","Bio","A/Levels","Yes","1-3 years","No","","No","Yes","Average","Average","Average","Average","No","Yes","None","Average","B","C","No","","Yes","Very good","Satisfactory","Satisfactory","Satisfactory","Average",""
"2022/12/14 7:39:22 PM GMT+5:30","Male","Eastern Province","1.6321","IS & MF","A/Levels","Yes","1-3 years","Yes","C","No","Yes","Average","Average","Average","Average","No","Yes","None","Average","B","C","No","","Yes","Good","Very good","Very good","Very good","Good",""
"2022/12/14 7:55:39 PM GMT+5:30","Female","Sabaragamuwa Province","1.7632","MB","A/Levels","Yes","1-3 years","Yes","B","Yes","Yes","Good","Average","Weak","Good","Yes","Yes","Java","Good","B","B","No","","Yes","Very good","Very good","Very good","Very good","Good",""
"2022/12/14 7:57:27 PM GMT+5:30","Female","North-Western Province","1.5321","P5","A/Levels","Yes","more than 3 years","No","","No","Yes","Average","Weak","Weak","Average","No","Yes","None","Average","C","C","No","","Yes","Good","Satisfactory","Very good","Very good","Good",""
"2022/12/14 10:20:29 PM GMT+5:30","Male","Eastern Province","1.5565","IS & MF","A/Levels","Yes","more than 3 years","No","","Yes","Yes","Good","Good","Average","Good","Yes","Yes","Python;Java;JavaScript","Good","B","S","No","","Yes","Good","Very good","Very good","Very good","Average",""
"2022/12/14 10:21:43 PM GMT+5:30","Male","Northern Province","1.654","P1","Diploma","Yes","1-3 years","No","","No","Yes","Good","Average","Average","Good","No","Yes","Python","Good","A","S","No","","Yes","Average","Very good","Satisfactory","Very good","Average",""
"2022/12/15 6:59:42 AM GMT+5:30","Female","Central Province","1.34","IS & MF","Diploma","Yes","Less than one year","Yes","C","No","No","Average","Average","Weak","Average","No","No","None","Very weak","B","S","No","","Yes","Good","Fair","Fair","Fair","Weak",""
"2022/12/15 7:01:00 AM GMT+5:30","Male","Western Province","1.761","P6","Higher","Yes","more than 3 years","Yes","A","No","Yes","Good","Good","Good","Good","Yes","Yes","Python;Java","Good","A","A","Yes","A","Yes","Average","Excellent","Excellent","Excellent","Very good",""
"2022/12/15 7:03:09 AM GMT+5:30","Male","Sabaragamuwa Province","1.325","P3","A/Levels","Yes","Less than one year","Yes","B","No","No","Average","Average","Weak","Average","No","No","None","Very weak","C","S","No","","Yes","Very good","Satisfactory","Satisfactory","Satisfactory","Average",""
"2022/12/15 7:11:24 AM GMT+5:30","Female","North-Western Province","1.482","P1","Degree","Yes","1-3 years","Yes","B","Yes","Yes","Good","Good","Good","Good","Yes","Yes","Java","Average","A","B","Yes","C","Yes","Good","Satisfactory","Satisfactory","Satisfactory","Good",""
"2022/12/15 7:13:01 AM GMT+5:30","Male","Uva Province","1.25","P1","Diploma","No","Less than one year","No","","No","No","Weak","Weak","Weak","Weak","No","No","None","Very weak","B","S","No","","No","Good","Fair","Fair","Fair","Weak",""
"2022/12/15 11:17:24 AM GMT+5:30","Female","Southern Province","1.39","P6","Higher","Yes","more than 3 years","No","","Yes","Yes","Good","Average","Good","Good","Yes","Yes","Java;JavaScript","Good","A","A","Yes","A","Yes","Good","Satisfactory","Very good","Very good","Good",""
"2022/12/15 11:20:44 AM GMT+5:30","Male","Southern Province","1.36","P6","A/Levels","Yes","more than 3 years","Yes","B","Yes","Yes","Average","Average","Average","Average","No","Yes","Python;Java","Good","B","B","No","","Yes","Average","Satisfactory","Fair","Fair","Average",""